Reynolds Number,CD Measured
410605.5998,0.02269034873
451073.6236,0.02268002277
486113.7526,0.02160667812
520421.452,0.02114887543
551990.3067,0.02033573945
581266.7317,0.02030615001